time,dead,dead_low,dead_high
7/29/2020,4457.672053,4442.130056,4472.148723
7/30/2020,4489.281939,4470.465939,4506.684092
7/31/2020,4520.776952,4498.36463,4541.215381
8/1/2020,4552.160918,4526.103289,4575.747185
8/2/2020,4583.437635,4553.685923,4610.284097
8/3/2020,4614.610869,4581.116484,4644.830712
8/4/2020,4645.684357,4608.398865,4679.391622
